id,id_external,interface,ssid,mac,tx_rate,rx_rate,rx_signal,uptime,packets,bytes,tx_rate_set,created_at
18497302,*2237E,5GHz-CAP8-4np-CHILL-1,GBS-guests,34:1C:F0:D5:EB:16,36Mbps,117Mbps-20MHz/2S,-69,1m53s20ms,"44,72","10083,18495","OFDM:24-54 BW:1x SGI:1x HT:0-15 VHTMCS:SS1=0-9,SS2=0-9",2022-04-06 12:09:02.152820
18497310,*2236F,5GHz-CAP4-4np-OaM-1,GBS-guests,60:DD:8E:B6:62:5F,86.6Mbps-20MHz/1S/SGI,173.3Mbps-20MHz/2S/SGI,-64,5m44s580ms,"1860,1832","520197,353166","OFDM:24-54 BW:1x SGI:1x HT:0-15 VHTMCS:SS1=0-9,SS2=0-9",2022-04-06 12:09:02.208273
18497354,*2236F,5GHz-CAP4-4np-OaM-1,GBS-guests,60:DD:8E:B6:62:5F,86.6Mbps-20MHz/1S/SGI,173.3Mbps-20MHz/2S/SGI,-64,5m54s580ms,"1877,1861","523266,364391","OFDM:24-54 BW:1x SGI:1x HT:0-15 VHTMCS:SS1=0-9,SS2=0-9",2022-04-06 12:09:12.110902
18497387,*2237E,5GHz-CAP8-4np-CHILL-1,GBS-guests,34:1C:F0:D5:EB:16,36Mbps,117Mbps-20MHz/2S,-69,2m3s20ms,"44,72","10083,18495","OFDM:24-54 BW:1x SGI:1x HT:0-15 VHTMCS:SS1=0-9,SS2=0-9",2022-04-06 12:09:12.382716
18497419,*2236F,5GHz-CAP4-4np-OaM-1,GBS-guests,60:DD:8E:B6:62:5F,86.6Mbps-20MHz/1S/SGI,144.4Mbps-20MHz/2S/SGI,-64,6m4s580ms,"1896,1883","524898,366173","OFDM:24-54 BW:1x SGI:1x HT:0-15 VHTMCS:SS1=0-9,SS2=0-9",2022-04-06 12:09:21.931376
18497440,*2237E,5GHz-CAP8-4np-CHILL-1,GBS-guests,34:1C:F0:D5:EB:16,36Mbps,104Mbps-20MHz/2S,-70,2m13s20ms,"46,76","11146,19271","OFDM:24-54 BW:1x SGI:1x HT:0-15 VHTMCS:SS1=0-9,SS2=0-9",2022-04-06 12:09:22.021716
18497496,*2237E,5GHz-CAP8-4np-CHILL-1,GBS-guests,34:1C:F0:D5:EB:16,36Mbps,24Mbps,-69,2m23s20ms,"48,78","11258,19355","OFDM:24-54 BW:1x SGI:1x HT:0-15 VHTMCS:SS1=0-9,SS2=0-9",2022-04-06 12:09:31.881130
18497510,*2236F,5GHz-CAP4-4np-OaM-1,GBS-guests,60:DD:8E:B6:62:5F,86.6Mbps-20MHz/1S/SGI,173.3Mbps-20MHz/2S/SGI,-64,6m14s580ms,"1943,1931","534398,378269","OFDM:24-54 BW:1x SGI:1x HT:0-15 VHTMCS:SS1=0-9,SS2=0-9",2022-04-06 12:09:31.954723
18497565,*2237E,5GHz-CAP8-4np-CHILL-1,GBS-guests,34:1C:F0:D5:EB:16,36Mbps,24Mbps,-69,2m33s20ms,"48,78","11258,19355","OFDM:24-54 BW:1x SGI:1x HT:0-15 VHTMCS:SS1=0-9,SS2=0-9",2022-04-06 12:09:41.998274
18497584,*2236F,5GHz-CAP4-4np-OaM-1,GBS-guests,60:DD:8E:B6:62:5F,86.6Mbps-20MHz/1S/SGI,173.3Mbps-20MHz/2S/SGI,-64,6m24s580ms,"1959,1952","535876,380385","OFDM:24-54 BW:1x SGI:1x HT:0-15 VHTMCS:SS1=0-9,SS2=0-9",2022-04-06 12:09:42.048756
18497671,*2237E,5GHz-CAP8-4np-CHILL-1,GBS-guests,34:1C:F0:D5:EB:16,36Mbps,24Mbps,-70,2m43s20ms,"51,81","12066,19557","OFDM:24-54 BW:1x SGI:1x HT:0-15 VHTMCS:SS1=0-9,SS2=0-9",2022-04-06 12:09:52.184011
18497670,*2236F,5GHz-CAP4-4np-OaM-1,GBS-guests,60:DD:8E:B6:62:5F,86.6Mbps-20MHz/1S/SGI,173.3Mbps-20MHz/2S/SGI,-64,6m34s580ms,"2004,1992","547299,389871","OFDM:24-54 BW:1x SGI:1x HT:0-15 VHTMCS:SS1=0-9,SS2=0-9",2022-04-06 12:09:52.184168
18497721,*2237E,5GHz-CAP8-4np-CHILL-1,GBS-guests,34:1C:F0:D5:EB:16,36Mbps,104Mbps-20MHz/2S,-69,2m53s20ms,"53,82","14070,19623","OFDM:24-54 BW:1x SGI:1x HT:0-15 VHTMCS:SS1=0-9,SS2=0-9",2022-04-06 12:10:01.932208
18497731,*2236F,5GHz-CAP4-4np-OaM-1,GBS-guests,60:DD:8E:B6:62:5F,86.6Mbps-20MHz/1S/SGI,173.3Mbps-20MHz/2S/SGI,-64,6m44s580ms,"2028,2018","549785,392614","OFDM:24-54 BW:1x SGI:1x HT:0-15 VHTMCS:SS1=0-9,SS2=0-9",2022-04-06 12:10:01.958000
18497781,*2237E,5GHz-CAP8-4np-CHILL-1,GBS-guests,34:1C:F0:D5:EB:16,36Mbps,24Mbps,-69,3m3s20ms,"54,83","14126,19665","OFDM:24-54 BW:1x SGI:1x HT:0-15 VHTMCS:SS1=0-9,SS2=0-9",2022-04-06 12:10:12.036784
18497806,*2236F,5GHz-CAP4-4np-OaM-1,GBS-guests,60:DD:8E:B6:62:5F,86.6Mbps-20MHz/1S/SGI,173.3Mbps-20MHz/2S/SGI,-64,6m54s580ms,"2055,2052","557649,401416","OFDM:24-54 BW:1x SGI:1x HT:0-15 VHTMCS:SS1=0-9,SS2=0-9",2022-04-06 12:10:12.206641
18497845,*2236F,5GHz-CAP4-4np-OaM-1,GBS-guests,60:DD:8E:B6:62:5F,86.6Mbps-20MHz/1S/SGI,173.3Mbps-20MHz/2S/SGI,-64,7m4s580ms,"2085,2087","563591,409832","OFDM:24-54 BW:1x SGI:1x HT:0-15 VHTMCS:SS1=0-9,SS2=0-9",2022-04-06 12:10:21.859733
18497861,*2237E,5GHz-CAP8-4np-CHILL-1,GBS-guests,34:1C:F0:D5:EB:16,36Mbps,24Mbps,-69,3m13s20ms,"54,83","14126,19665","OFDM:24-54 BW:1x SGI:1x HT:0-15 VHTMCS:SS1=0-9,SS2=0-9",2022-04-06 12:10:22.016522
18497935,*2236F,5GHz-CAP4-4np-OaM-1,GBS-guests,60:DD:8E:B6:62:5F,86.6Mbps-20MHz/1S/SGI,173.3Mbps-20MHz/2S/SGI,-64,7m14s580ms,"2104,2109","572243,414525","OFDM:24-54 BW:1x SGI:1x HT:0-15 VHTMCS:SS1=0-9,SS2=0-9",2022-04-06 12:10:32.131877
18497936,*2237E,5GHz-CAP8-4np-CHILL-1,GBS-guests,34:1C:F0:D5:EB:16,48Mbps,78Mbps-20MHz/2S,-71,3m23s20ms,"73,102","18724,23815","OFDM:24-54 BW:1x SGI:1x HT:0-15 VHTMCS:SS1=0-9,SS2=0-9",2022-04-06 12:10:32.132281
18498004,*2236F,5GHz-CAP4-4np-OaM-1,GBS-guests,60:DD:8E:B6:62:5F,86.6Mbps-20MHz/1S/SGI,173.3Mbps-20MHz/2S/SGI,-64,7m24s580ms,"2130,2143","575644,424993","OFDM:24-54 BW:1x SGI:1x HT:0-15 VHTMCS:SS1=0-9,SS2=0-9",2022-04-06 12:10:42.042549
18498014,*2237E,5GHz-CAP8-4np-CHILL-1,GBS-guests,34:1C:F0:D5:EB:16,48Mbps,24Mbps,-72,3m33s20ms,"74,103","18780,23857","OFDM:24-54 BW:1x SGI:1x HT:0-15 VHTMCS:SS1=0-9,SS2=0-9",2022-04-06 12:10:42.150658
18498063,*2237E,5GHz-CAP8-4np-CHILL-1,GBS-guests,34:1C:F0:D5:EB:16,48Mbps,24Mbps,-68,3m43s20ms,"74,103","18780,23857","OFDM:24-54 BW:1x SGI:1x HT:0-15 VHTMCS:SS1=0-9,SS2=0-9",2022-04-06 12:10:51.900183
18498082,*2236F,5GHz-CAP4-4np-OaM-1,GBS-guests,60:DD:8E:B6:62:5F,86.6Mbps-20MHz/1S/SGI,173.3Mbps-20MHz/2S/SGI,-64,7m34s580ms,"2141,2156","576755,426116","OFDM:24-54 BW:1x SGI:1x HT:0-15 VHTMCS:SS1=0-9,SS2=0-9",2022-04-06 12:10:51.976224
18498142,*2236F,5GHz-CAP4-4np-OaM-1,GBS-guests,60:DD:8E:B6:62:5F,86.6Mbps-20MHz/1S/SGI,173.3Mbps-20MHz/2S/SGI,-64,7m44s590ms,"2167,2190","580993,438597","OFDM:24-54 BW:1x SGI:1x HT:0-15 VHTMCS:SS1=0-9,SS2=0-9",2022-04-06 12:11:01.892028
18498143,*2237E,5GHz-CAP8-4np-CHILL-1,GBS-guests,34:1C:F0:D5:EB:16,48Mbps,78Mbps-20MHz/2S,-69,3m53s30ms,"76,105","19532,24017","OFDM:24-54 BW:1x SGI:1x HT:0-15 VHTMCS:SS1=0-9,SS2=0-9",2022-04-06 12:11:01.900676
18498226,*2236F,5GHz-CAP4-4np-OaM-1,GBS-guests,60:DD:8E:B6:62:5F,86.6Mbps-20MHz/1S/SGI,173.3Mbps-20MHz/2S/SGI,-64,7m54s580ms,"2189,2215","585618,445218","OFDM:24-54 BW:1x SGI:1x HT:0-15 VHTMCS:SS1=0-9,SS2=0-9",2022-04-06 12:11:11.987923
18498237,*2237E,5GHz-CAP8-4np-CHILL-1,GBS-guests,34:1C:F0:D5:EB:16,48Mbps,24Mbps,-70,4m3s30ms,"78,107","19644,24101","OFDM:24-54 BW:1x SGI:1x HT:0-15 VHTMCS:SS1=0-9,SS2=0-9",2022-04-06 12:11:12.049236
18498278,*2237E,5GHz-CAP8-4np-CHILL-1,GBS-guests,34:1C:F0:D5:EB:16,48Mbps,78Mbps-20MHz/2S,-69,4m13s30ms,"82,109","21098,24302","OFDM:24-54 BW:1x SGI:1x HT:0-15 VHTMCS:SS1=0-9,SS2=0-9",2022-04-06 12:11:21.964011
18498288,*2236F,5GHz-CAP4-4np-OaM-1,GBS-guests,60:DD:8E:B6:62:5F,86.6Mbps-20MHz/1S/SGI,173.3Mbps-20MHz/2S/SGI,-64,8m4s590ms,"2231,2262","595890,459491","OFDM:24-54 BW:1x SGI:1x HT:0-15 VHTMCS:SS1=0-9,SS2=0-9",2022-04-06 12:11:22.015093
18498368,*2236F,5GHz-CAP4-4np-OaM-1,GBS-guests,60:DD:8E:B6:62:5F,86.6Mbps-20MHz/1S/SGI,173.3Mbps-20MHz/2S/SGI,-64,8m14s590ms,"2253,2285","600812,462372","OFDM:24-54 BW:1x SGI:1x HT:0-15 VHTMCS:SS1=0-9,SS2=0-9",2022-04-06 12:11:32.228793
18498381,*2237E,5GHz-CAP8-4np-CHILL-1,GBS-guests,34:1C:F0:D5:EB:16,48Mbps,78Mbps-20MHz/2S,-69,4m23s30ms,"82,109","21098,24302","OFDM:24-54 BW:1x SGI:1x HT:0-15 VHTMCS:SS1=0-9,SS2=0-9",2022-04-06 12:11:32.290588
18498429,*2237E,5GHz-CAP8-4np-CHILL-1,GBS-guests,34:1C:F0:D5:EB:16,48Mbps,78Mbps-20MHz/2S,-68,4m33s30ms,"82,109","21098,24302","OFDM:24-54 BW:1x SGI:1x HT:0-15 VHTMCS:SS1=0-9,SS2=0-9",2022-04-06 12:11:41.887641
18498453,*2236F,5GHz-CAP4-4np-OaM-1,GBS-guests,60:DD:8E:B6:62:5F,86.6Mbps-20MHz/1S/SGI,173.3Mbps-20MHz/2S/SGI,-64,8m24s580ms,"2270,2308","603154,467914","OFDM:24-54 BW:1x SGI:1x HT:0-15 VHTMCS:SS1=0-9,SS2=0-9",2022-04-06 12:11:42.036463
18498498,*2236F,5GHz-CAP4-4np-OaM-1,GBS-guests,60:DD:8E:B6:62:5F,86.6Mbps-20MHz/1S/SGI,173.3Mbps-20MHz/2S/SGI,-64,8m34s590ms,"2308,2346","607356,476767","OFDM:24-54 BW:1x SGI:1x HT:0-15 VHTMCS:SS1=0-9,SS2=0-9",2022-04-06 12:11:51.979107
18498510,*2237E,5GHz-CAP8-4np-CHILL-1,GBS-guests,34:1C:F0:D5:EB:16,48Mbps,78Mbps-20MHz/2S,-67,4m43s30ms,"82,109","21098,24302","OFDM:24-54 BW:1x SGI:1x HT:0-15 VHTMCS:SS1=0-9,SS2=0-9",2022-04-06 12:11:52.031080
18498569,*2236F,5GHz-CAP4-4np-OaM-1,GBS-guests,60:DD:8E:B6:62:5F,86.6Mbps-20MHz/1S/SGI,173.3Mbps-20MHz/2S/SGI,-64,8m44s590ms,"2340,2381","611730,484687","OFDM:24-54 BW:1x SGI:1x HT:0-15 VHTMCS:SS1=0-9,SS2=0-9",2022-04-06 12:12:01.991572
18498580,*2237E,5GHz-CAP8-4np-CHILL-1,GBS-guests,34:1C:F0:D5:EB:16,48Mbps,117Mbps-20MHz/2S,-68,4m53s30ms,"113,156","39937,33603","OFDM:24-54 BW:1x SGI:1x HT:0-15 VHTMCS:SS1=0-9,SS2=0-9",2022-04-06 12:12:02.032209
18498616,*2237E,5GHz-CAP8-4np-CHILL-1,GBS-guests,34:1C:F0:D5:EB:16,48Mbps,72.2Mbps-20MHz/1S/SGI,-62,5m3s30ms,"139,185","52261,40766","OFDM:24-54 BW:1x SGI:1x HT:0-15 VHTMCS:SS1=0-9,SS2=0-9",2022-04-06 12:12:11.883998
18498629,*2236F,5GHz-CAP4-4np-OaM-1,GBS-guests,60:DD:8E:B6:62:5F,86.6Mbps-20MHz/1S/SGI,173.3Mbps-20MHz/2S/SGI,-63,8m54s590ms,"2397,2452","622776,512400","OFDM:24-54 BW:1x SGI:1x HT:0-15 VHTMCS:SS1=0-9,SS2=0-9",2022-04-06 12:12:11.951337
18498693,*2236F,5GHz-CAP4-4np-OaM-1,GBS-guests,60:DD:8E:B6:62:5F,86.6Mbps-20MHz/1S/SGI,173.3Mbps-20MHz/2S/SGI,-65,9m4s590ms,"2449,2503","649936,529207","OFDM:24-54 BW:1x SGI:1x HT:0-15 VHTMCS:SS1=0-9,SS2=0-9",2022-04-06 12:12:21.882744
18498723,*2237E,5GHz-CAP8-4np-CHILL-1,GBS-guests,34:1C:F0:D5:EB:16,48Mbps,72.2Mbps-20MHz/1S/SGI,-68,5m13s30ms,"142,190","53069,41574","OFDM:24-54 BW:1x SGI:1x HT:0-15 VHTMCS:SS1=0-9,SS2=0-9",2022-04-06 12:12:22.066138
18498777,*2237E,5GHz-CAP8-4np-CHILL-1,GBS-guests,34:1C:F0:D5:EB:16,54Mbps,58.5Mbps-20MHz/1S,-67,5m23s30ms,"252,286","96896,67857","OFDM:24-54 BW:1x SGI:1x HT:0-15 VHTMCS:SS1=0-9,SS2=0-9",2022-04-06 12:12:32.012350
18498785,*2236F,5GHz-CAP4-4np-OaM-1,GBS-guests,60:DD:8E:B6:62:5F,78Mbps-20MHz/1S,144.4Mbps-20MHz/2S/SGI,-64,9m14s590ms,"2501,2557","667930,548927","OFDM:24-54 BW:1x SGI:1x HT:0-15 VHTMCS:SS1=0-9,SS2=0-9",2022-04-06 12:12:32.089289
18498847,*2236F,5GHz-CAP4-4np-OaM-1,GBS-guests,60:DD:8E:B6:62:5F,78Mbps-20MHz/1S,144.4Mbps-20MHz/2S/SGI,-64,9m24s590ms,"2516,2573","669056,550084","OFDM:24-54 BW:1x SGI:1x HT:0-15 VHTMCS:SS1=0-9,SS2=0-9",2022-04-06 12:12:41.923096
18498846,*2237E,5GHz-CAP8-4np-CHILL-1,GBS-guests,34:1C:F0:D5:EB:16,54Mbps,52Mbps-20MHz/1S,-65,5m33s30ms,"288,320","106499,82308","OFDM:24-54 BW:1x SGI:1x HT:0-15 VHTMCS:SS1=0-9,SS2=0-9",2022-04-06 12:12:41.923146
18498922,*2236F,5GHz-CAP4-4np-OaM-1,GBS-guests,60:DD:8E:B6:62:5F,78Mbps-20MHz/1S,144.4Mbps-20MHz/2S/SGI,-64,9m34s590ms,"2527,2584","669939,550900","OFDM:24-54 BW:1x SGI:1x HT:0-15 VHTMCS:SS1=0-9,SS2=0-9",2022-04-06 12:12:51.900148
18498937,*2237E,5GHz-CAP8-4np-CHILL-1,GBS-guests,34:1C:F0:D5:EB:16,115.5Mbps-20MHz/2S/SGI,52Mbps-20MHz/1S,-65,5m43s30ms,"304,337","111223,84465","OFDM:24-54 BW:1x SGI:1x HT:0-15 VHTMCS:SS1=0-9,SS2=0-9",2022-04-06 12:12:51.984334
18498978,*2237E,5GHz-CAP8-4np-CHILL-1,GBS-guests,34:1C:F0:D5:EB:16,115.5Mbps-20MHz/2S/SGI,58.5Mbps-20MHz/1S,-72,5m53s30ms,"307,342","111459,85257","OFDM:24-54 BW:1x SGI:1x HT:0-15 VHTMCS:SS1=0-9,SS2=0-9",2022-04-06 12:13:02.024455
18498993,*2236F,5GHz-CAP4-4np-OaM-1,GBS-guests,60:DD:8E:B6:62:5F,78Mbps-20MHz/1S,173.3Mbps-20MHz/2S/SGI,-64,9m44s590ms,"2545,2608","672522,557190","OFDM:24-54 BW:1x SGI:1x HT:0-15 VHTMCS:SS1=0-9,SS2=0-9",2022-04-06 12:13:02.077743
18499043,*2237E,5GHz-CAP8-4np-CHILL-1,GBS-guests,34:1C:F0:D5:EB:16,115.5Mbps-20MHz/2S/SGI,58.5Mbps-20MHz/1S,-66,6m3s30ms,"308,343","111549,85329","OFDM:24-54 BW:1x SGI:1x HT:0-15 VHTMCS:SS1=0-9,SS2=0-9",2022-04-06 12:13:11.885658
18499044,*2236F,5GHz-CAP4-4np-OaM-1,GBS-guests,60:DD:8E:B6:62:5F,78Mbps-20MHz/1S,173.3Mbps-20MHz/2S/SGI,-65,9m54s590ms,"2561,2631","674621,562824","OFDM:24-54 BW:1x SGI:1x HT:0-15 VHTMCS:SS1=0-9,SS2=0-9",2022-04-06 12:13:11.885896
18499131,*2236F,5GHz-CAP4-4np-OaM-1,GBS-guests,60:DD:8E:B6:62:5F,78Mbps-20MHz/1S,173.3Mbps-20MHz/2S/SGI,-65,10m4s590ms,"2572,2644","675588,564296","OFDM:24-54 BW:1x SGI:1x HT:0-15 VHTMCS:SS1=0-9,SS2=0-9",2022-04-06 12:13:21.980749
18499140,*2237E,5GHz-CAP8-4np-CHILL-1,GBS-guests,34:1C:F0:D5:EB:16,115.5Mbps-20MHz/2S/SGI,58.5Mbps-20MHz/1S,-72,6m13s30ms,"315,349","112215,85812","OFDM:24-54 BW:1x SGI:1x HT:0-15 VHTMCS:SS1=0-9,SS2=0-9",2022-04-06 12:13:22.038551
18499182,*2237E,5GHz-CAP8-4np-CHILL-1,GBS-guests,34:1C:F0:D5:EB:16,117Mbps-20MHz/2S,104Mbps-20MHz/2S,-68,6m23s30ms,"373,410","156301,102382","OFDM:24-54 BW:1x SGI:1x HT:0-15 VHTMCS:SS1=0-9,SS2=0-9",2022-04-06 12:13:31.870771
18499187,*2236F,5GHz-CAP4-4np-OaM-1,GBS-guests,60:DD:8E:B6:62:5F,78Mbps-20MHz/1S,173.3Mbps-20MHz/2S/SGI,-62,10m14s590ms,"2608,2687","686879,578652","OFDM:24-54 BW:1x SGI:1x HT:0-15 VHTMCS:SS1=0-9,SS2=0-9",2022-04-06 12:13:31.910541
18499265,*2237E,5GHz-CAP8-4np-CHILL-1,GBS-guests,34:1C:F0:D5:EB:16,117Mbps-20MHz/2S,24Mbps,-67,6m33s30ms,"376,413","156537,102568","OFDM:24-54 BW:1x SGI:1x HT:0-15 VHTMCS:SS1=0-9,SS2=0-9",2022-04-06 12:13:41.940125
18499272,*2236F,5GHz-CAP4-4np-OaM-1,GBS-guests,60:DD:8E:B6:62:5F,78Mbps-20MHz/1S,173.3Mbps-20MHz/2S/SGI,-64,10m24s590ms,"2633,2712","694001,585816","OFDM:24-54 BW:1x SGI:1x HT:0-15 VHTMCS:SS1=0-9,SS2=0-9",2022-04-06 12:13:42.074777
18499329,*2236F,5GHz-CAP4-4np-OaM-1,GBS-guests,60:DD:8E:B6:62:5F,78Mbps-20MHz/1S,173.3Mbps-20MHz/2S/SGI,-65,10m34s590ms,"2674,2747","703363,590254","OFDM:24-54 BW:1x SGI:1x HT:0-15 VHTMCS:SS1=0-9,SS2=0-9",2022-04-06 12:13:52.037782
18499354,*2237E,5GHz-CAP8-4np-CHILL-1,GBS-guests,34:1C:F0:D5:EB:16,117Mbps-20MHz/2S,104Mbps-20MHz/2S,-67,6m43s30ms,"379,416","156843,102813","OFDM:24-54 BW:1x SGI:1x HT:0-15 VHTMCS:SS1=0-9,SS2=0-9",2022-04-06 12:13:52.215544
18499391,*2236F,5GHz-CAP4-4np-OaM-1,GBS-guests,60:DD:8E:B6:62:5F,78Mbps-20MHz/1S,144.4Mbps-20MHz/2S/SGI,-65,10m44s590ms,"2695,2778","707506,598439","OFDM:24-54 BW:1x SGI:1x HT:0-15 VHTMCS:SS1=0-9,SS2=0-9",2022-04-06 12:14:01.855876
18499423,*2237E,5GHz-CAP8-4np-CHILL-1,GBS-guests,34:1C:F0:D5:EB:16,117Mbps-20MHz/2S,24Mbps,-72,6m53s30ms,"382,419","157079,102999","OFDM:24-54 BW:1x SGI:1x HT:0-15 VHTMCS:SS1=0-9,SS2=0-9",2022-04-06 12:14:02.105120
18499469,*2237E,5GHz-CAP8-4np-CHILL-1,GBS-guests,34:1C:F0:D5:EB:16,117Mbps-20MHz/2S,78Mbps-20MHz/2S,-66,7m3s30ms,"383,420","157169,103071","OFDM:24-54 BW:1x SGI:1x HT:0-15 VHTMCS:SS1=0-9,SS2=0-9",2022-04-06 12:14:11.972841
18499487,*2236F,5GHz-CAP4-4np-OaM-1,GBS-guests,60:DD:8E:B6:62:5F,78Mbps-20MHz/1S,130Mbps-20MHz/2S/SGI,-63,10m54s590ms,"2789,2855","766112,614900","OFDM:24-54 BW:1x SGI:1x HT:0-15 VHTMCS:SS1=0-9,SS2=0-9",2022-04-06 12:14:12.147967
18499544,*2236F,5GHz-CAP4-4np-OaM-1,GBS-guests,60:DD:8E:B6:62:5F,86.6Mbps-20MHz/1S/SGI,130Mbps-20MHz/2S/SGI,-61,11m4s590ms,"3670,3047","1940523,661516","OFDM:24-54 BW:1x SGI:1x HT:0-15 VHTMCS:SS1=0-9,SS2=0-9",2022-04-06 12:14:22.095873
18499564,*2237E,5GHz-CAP8-4np-CHILL-1,GBS-guests,34:1C:F0:D5:EB:16,117Mbps-20MHz/2S,78Mbps-20MHz/2S,-66,7m13s30ms,"385,422","157349,103215","OFDM:24-54 BW:1x SGI:1x HT:0-15 VHTMCS:SS1=0-9,SS2=0-9",2022-04-06 12:14:22.368912
18499591,*2236F,5GHz-CAP4-4np-OaM-1,GBS-guests,60:DD:8E:B6:62:5F,86.6Mbps-20MHz/1S/SGI,144.4Mbps-20MHz/2S/SGI,-64,11m14s600ms,"3708,3092","1952668,675727","OFDM:24-54 BW:1x SGI:1x HT:0-15 VHTMCS:SS1=0-9,SS2=0-9",2022-04-06 12:14:31.863918
18499638,*2237E,5GHz-CAP8-4np-CHILL-1,GBS-guests,34:1C:F0:D5:EB:16,117Mbps-20MHz/2S,104Mbps-20MHz/2S,-67,7m23s40ms,"402,439","160027,107195","OFDM:24-54 BW:1x SGI:1x HT:0-15 VHTMCS:SS1=0-9,SS2=0-9",2022-04-06 12:14:32.108038
18499675,*2236F,5GHz-CAP4-4np-OaM-1,GBS-guests,60:DD:8E:B6:62:5F,86.6Mbps-20MHz/1S/SGI,144.4Mbps-20MHz/2S/SGI,-60,11m24s590ms,"4076,3317","2124986,708213","OFDM:24-54 BW:1x SGI:1x HT:0-15 VHTMCS:SS1=0-9,SS2=0-9",2022-04-06 12:14:41.900245
18499692,*2237E,5GHz-CAP8-4np-CHILL-1,GBS-guests,34:1C:F0:D5:EB:16,117Mbps-20MHz/2S,78Mbps-20MHz/2S,-65,7m33s30ms,"409,444","160918,107552","OFDM:24-54 BW:1x SGI:1x HT:0-15 VHTMCS:SS1=0-9,SS2=0-9",2022-04-06 12:14:42.083453
18499739,*2236F,5GHz-CAP4-4np-OaM-1,GBS-guests,60:DD:8E:B6:62:5F,86.6Mbps-20MHz/1S/SGI,130Mbps-20MHz/2S/SGI,-64,11m34s590ms,"4295,3509","2170376,751384","OFDM:24-54 BW:1x SGI:1x HT:0-15 VHTMCS:SS1=0-9,SS2=0-9",2022-04-06 12:14:51.943482
18499765,*2237E,5GHz-CAP8-4np-CHILL-1,GBS-guests,34:1C:F0:D5:EB:16,117Mbps-20MHz/2S,78Mbps-20MHz/2S,-65,7m43s30ms,"411,447","161083,108255","OFDM:24-54 BW:1x SGI:1x HT:0-15 VHTMCS:SS1=0-9,SS2=0-9",2022-04-06 12:14:52.250740
18499793,*2236F,5GHz-CAP4-4np-OaM-1,GBS-guests,60:DD:8E:B6:62:5F,86.6Mbps-20MHz/1S/SGI,173.3Mbps-20MHz/2S/SGI,-64,11m44s590ms,"4346,3557","2186635,761863","OFDM:24-54 BW:1x SGI:1x HT:0-15 VHTMCS:SS1=0-9,SS2=0-9",2022-04-06 12:15:01.836752
18499816,*2237E,5GHz-CAP8-4np-CHILL-1,GBS-guests,34:1C:F0:D5:EB:16,117Mbps-20MHz/2S,78Mbps-20MHz/2S,-72,7m53s30ms,"413,448","161215,108333","OFDM:24-54 BW:1x SGI:1x HT:0-15 VHTMCS:SS1=0-9,SS2=0-9",2022-04-06 12:15:02.044008
18499892,*2236F,5GHz-CAP4-4np-OaM-1,GBS-guests,60:DD:8E:B6:62:5F,86.6Mbps-20MHz/1S/SGI,144.4Mbps-20MHz/2S/SGI,-64,11m54s590ms,"4377,3591","2190455,767234","OFDM:24-54 BW:1x SGI:1x HT:0-15 VHTMCS:SS1=0-9,SS2=0-9",2022-04-06 12:15:12.000101
18499900,*2237E,5GHz-CAP8-4np-CHILL-1,GBS-guests,34:1C:F0:D5:EB:16,117Mbps-20MHz/2S,78Mbps-20MHz/2S,-72,8m3s30ms,"413,448","161215,108333","OFDM:24-54 BW:1x SGI:1x HT:0-15 VHTMCS:SS1=0-9,SS2=0-9",2022-04-06 12:15:12.052911
18499952,*2237E,5GHz-CAP8-4np-CHILL-1,GBS-guests,34:1C:F0:D5:EB:16,117Mbps-20MHz/2S,78Mbps-20MHz/2S,-72,8m13s30ms,"413,448","161215,108333","OFDM:24-54 BW:1x SGI:1x HT:0-15 VHTMCS:SS1=0-9,SS2=0-9",2022-04-06 12:15:21.964322
18499974,*2236F,5GHz-CAP4-4np-OaM-1,GBS-guests,60:DD:8E:B6:62:5F,86.6Mbps-20MHz/1S/SGI,173.3Mbps-20MHz/2S/SGI,-62,12m4s590ms,"4402,3610","2193281,768766","OFDM:24-54 BW:1x SGI:1x HT:0-15 VHTMCS:SS1=0-9,SS2=0-9",2022-04-06 12:15:22.088150
18500018,*2236F,5GHz-CAP4-4np-OaM-1,GBS-guests,60:DD:8E:B6:62:5F,86.6Mbps-20MHz/1S/SGI,6Mbps,-64,12m14s590ms,"4409,3611","2194207,768808","OFDM:24-54 BW:1x SGI:1x HT:0-15 VHTMCS:SS1=0-9,SS2=0-9",2022-04-06 12:15:31.969303
18500042,*2237E,5GHz-CAP8-4np-CHILL-1,GBS-guests,34:1C:F0:D5:EB:16,117Mbps-20MHz/2S,78Mbps-20MHz/2S,-66,8m23s30ms,"414,449","161286,108405","OFDM:24-54 BW:1x SGI:1x HT:0-15 VHTMCS:SS1=0-9,SS2=0-9",2022-04-06 12:15:32.121532
18500070,*2236F,5GHz-CAP4-4np-OaM-1,GBS-guests,60:DD:8E:B6:62:5F,86.6Mbps-20MHz/1S/SGI,6Mbps,-64,12m24s590ms,"4410,3612","2194352,768850","OFDM:24-54 BW:1x SGI:1x HT:0-15 VHTMCS:SS1=0-9,SS2=0-9",2022-04-06 12:15:41.829746
18500091,*2237E,5GHz-CAP8-4np-CHILL-1,GBS-guests,34:1C:F0:D5:EB:16,117Mbps-20MHz/2S,78Mbps-20MHz/2S,-66,8m33s30ms,"417,452","162094,108607","OFDM:24-54 BW:1x SGI:1x HT:0-15 VHTMCS:SS1=0-9,SS2=0-9",2022-04-06 12:15:42.011336
18500148,*2236F,5GHz-CAP4-4np-OaM-1,GBS-guests,60:DD:8E:B6:62:5F,78Mbps-20MHz/1S,6Mbps,-65,12m34s600ms,"4420,3612","2195256,768850","OFDM:24-54 BW:1x SGI:1x HT:0-15 VHTMCS:SS1=0-9,SS2=0-9",2022-04-06 12:15:52.082073
18500171,*2237E,5GHz-CAP8-4np-CHILL-1,GBS-guests,34:1C:F0:D5:EB:16,117Mbps-20MHz/2S,78Mbps-20MHz/2S,-66,8m43s40ms,"417,452","162094,108607","OFDM:24-54 BW:1x SGI:1x HT:0-15 VHTMCS:SS1=0-9,SS2=0-9",2022-04-06 12:15:52.295326
18500225,*2237E,5GHz-CAP8-4np-CHILL-1,GBS-guests,34:1C:F0:D5:EB:16,117Mbps-20MHz/2S,78Mbps-20MHz/2S,-71,8m53s40ms,"422,455","164405,108781","OFDM:24-54 BW:1x SGI:1x HT:0-15 VHTMCS:SS1=0-9,SS2=0-9",2022-04-06 12:16:02.050755
18500243,*2236F,5GHz-CAP4-4np-OaM-1,GBS-guests,60:DD:8E:B6:62:5F,78Mbps-20MHz/1S,6Mbps,-65,12m44s590ms,"4424,3614","2195567,768934","OFDM:24-54 BW:1x SGI:1x HT:0-15 VHTMCS:SS1=0-9,SS2=0-9",2022-04-06 12:16:02.112892
18500301,*2236F,5GHz-CAP4-4np-OaM-1,GBS-guests,60:DD:8E:B6:62:5F,78Mbps-20MHz/1S,6Mbps,-62,12m54s600ms,"4429,3615","2195961,768976","OFDM:24-54 BW:1x SGI:1x HT:0-15 VHTMCS:SS1=0-9,SS2=0-9",2022-04-06 12:16:11.891718
18500310,*2237E,5GHz-CAP8-4np-CHILL-1,GBS-guests,34:1C:F0:D5:EB:16,117Mbps-20MHz/2S,78Mbps-20MHz/2S,-68,9m3s40ms,"424,457","164537,108913","OFDM:24-54 BW:1x SGI:1x HT:0-15 VHTMCS:SS1=0-9,SS2=0-9",2022-04-06 12:16:11.939779
18500349,*2237E,5GHz-CAP8-4np-CHILL-1,GBS-guests,34:1C:F0:D5:EB:16,117Mbps-20MHz/2S,78Mbps-20MHz/2S,-72,9m13s40ms,"424,457","164537,108913","OFDM:24-54 BW:1x SGI:1x HT:0-15 VHTMCS:SS1=0-9,SS2=0-9",2022-04-06 12:16:21.939996
18500350,*2236F,5GHz-CAP4-4np-OaM-1,GBS-guests,60:DD:8E:B6:62:5F,54Mbps,6Mbps,-65,13m4s600ms,"4433,3615","2196229,768976","OFDM:24-54 BW:1x SGI:1x HT:0-15 VHTMCS:SS1=0-9,SS2=0-9",2022-04-06 12:16:21.978966
18500438,*2237E,5GHz-CAP8-4np-CHILL-1,GBS-guests,34:1C:F0:D5:EB:16,117Mbps-20MHz/2S,24Mbps,-70,9m23s40ms,"428,461","165241,109143","OFDM:24-54 BW:1x SGI:1x HT:0-15 VHTMCS:SS1=0-9,SS2=0-9",2022-04-06 12:16:31.958824
18500442,*2236F,5GHz-CAP4-4np-OaM-1,GBS-guests,60:DD:8E:B6:62:5F,54Mbps,6Mbps,-65,13m14s600ms,"4433,3615","2196229,768976","OFDM:24-54 BW:1x SGI:1x HT:0-15 VHTMCS:SS1=0-9,SS2=0-9",2022-04-06 12:16:31.993008
18500498,*2237E,5GHz-CAP8-4np-CHILL-1,GBS-guests,34:1C:F0:D5:EB:16,117Mbps-20MHz/2S,24Mbps,-69,9m33s40ms,"428,461","165241,109143","OFDM:24-54 BW:1x SGI:1x HT:0-15 VHTMCS:SS1=0-9,SS2=0-9",2022-04-06 12:16:41.928252
18500503,*2236F,5GHz-CAP4-4np-OaM-1,GBS-guests,60:DD:8E:B6:62:5F,54Mbps,6Mbps,-64,13m24s600ms,"4436,3616","2196511,769018","OFDM:24-54 BW:1x SGI:1x HT:0-15 VHTMCS:SS1=0-9,SS2=0-9",2022-04-06 12:16:42.000568
18500565,*2236F,5GHz-CAP4-4np-OaM-1,GBS-guests,60:DD:8E:B6:62:5F,54Mbps,6Mbps,-64,13m34s600ms,"4436,3619","2196511,769144","OFDM:24-54 BW:1x SGI:1x HT:0-15 VHTMCS:SS1=0-9,SS2=0-9",2022-04-06 12:16:51.865039
18500577,*2237E,5GHz-CAP8-4np-CHILL-1,GBS-guests,34:1C:F0:D5:EB:16,117Mbps-20MHz/2S,24Mbps,-70,9m43s40ms,"428,461","165241,109143","OFDM:24-54 BW:1x SGI:1x HT:0-15 VHTMCS:SS1=0-9,SS2=0-9",2022-04-06 12:16:52.356881
18500615,*2237E,5GHz-CAP8-4np-CHILL-1,GBS-guests,34:1C:F0:D5:EB:16,117Mbps-20MHz/2S,24Mbps,-70,9m53s40ms,"428,461","165241,109143","OFDM:24-54 BW:1x SGI:1x HT:0-15 VHTMCS:SS1=0-9,SS2=0-9",2022-04-06 12:17:01.898912
18500621,*2236F,5GHz-CAP4-4np-OaM-1,GBS-guests,60:DD:8E:B6:62:5F,54Mbps,6Mbps,-64,13m44s600ms,"4436,3620","2196511,769186","OFDM:24-54 BW:1x SGI:1x HT:0-15 VHTMCS:SS1=0-9,SS2=0-9",2022-04-06 12:17:01.899158
18500688,*2236F,5GHz-CAP4-4np-OaM-1,GBS-guests,60:DD:8E:B6:62:5F,54Mbps,6Mbps,-64,13m54s600ms,"4436,3621","2196511,769228","OFDM:24-54 BW:1x SGI:1x HT:0-15 VHTMCS:SS1=0-9,SS2=0-9",2022-04-06 12:17:11.843958
18500708,*2237E,5GHz-CAP8-4np-CHILL-1,GBS-guests,34:1C:F0:D5:EB:16,117Mbps-20MHz/2S,104Mbps-20MHz/2S,-74,10m3s40ms,"429,462","165623,109223","OFDM:24-54 BW:1x SGI:1x HT:0-15 VHTMCS:SS1=0-9,SS2=0-9",2022-04-06 12:17:11.934680
18500763,*2237E,5GHz-CAP8-4np-CHILL-1,GBS-guests,34:1C:F0:D5:EB:16,117Mbps-20MHz/2S,104Mbps-20MHz/2S,-69,10m13s40ms,"429,462","165623,109223","OFDM:24-54 BW:1x SGI:1x HT:0-15 VHTMCS:SS1=0-9,SS2=0-9",2022-04-06 12:17:21.948934
18500773,*2236F,5GHz-CAP4-4np-OaM-1,GBS-guests,60:DD:8E:B6:62:5F,54Mbps,6Mbps,-64,14m4s600ms,"4436,3621","2196511,769228","OFDM:24-54 BW:1x SGI:1x HT:0-15 VHTMCS:SS1=0-9,SS2=0-9",2022-04-06 12:17:21.994114
18500841,*2236F,5GHz-CAP4-4np-OaM-1,GBS-guests,60:DD:8E:B6:62:5F,54Mbps,6Mbps,-64,14m14s600ms,"4436,3624","2196511,769354","OFDM:24-54 BW:1x SGI:1x HT:0-15 VHTMCS:SS1=0-9,SS2=0-9",2022-04-06 12:17:32.123659
18500850,*2237E,5GHz-CAP8-4np-CHILL-1,GBS-guests,34:1C:F0:D5:EB:16,117Mbps-20MHz/2S,104Mbps-20MHz/2S,-70,10m23s40ms,"431,464","165818,109319","OFDM:24-54 BW:1x SGI:1x HT:0-15 VHTMCS:SS1=0-9,SS2=0-9",2022-04-06 12:17:32.239310
18500887,*2236F,5GHz-CAP4-4np-OaM-1,GBS-guests,60:DD:8E:B6:62:5F,54Mbps,6Mbps,-65,14m24s600ms,"4437,3624","2196592,769354","OFDM:24-54 BW:1x SGI:1x HT:0-15 VHTMCS:SS1=0-9,SS2=0-9",2022-04-06 12:17:41.847978
18500928,*2237E,5GHz-CAP8-4np-CHILL-1,GBS-guests,34:1C:F0:D5:EB:16,117Mbps-20MHz/2S,104Mbps-20MHz/2S,-69,10m33s40ms,"433,467","165930,109517","OFDM:24-54 BW:1x SGI:1x HT:0-15 VHTMCS:SS1=0-9,SS2=0-9",2022-04-06 12:17:42.012257
18500980,*2236F,5GHz-CAP4-4np-OaM-1,GBS-guests,60:DD:8E:B6:62:5F,54Mbps,6Mbps,-64,14m34s600ms,"4437,3625","2196592,769396","OFDM:24-54 BW:1x SGI:1x HT:0-15 VHTMCS:SS1=0-9,SS2=0-9",2022-04-06 12:17:52.552038
18500979,*2237E,5GHz-CAP8-4np-CHILL-1,GBS-guests,34:1C:F0:D5:EB:16,117Mbps-20MHz/2S,104Mbps-20MHz/2S,-70,10m43s40ms,"434,468","166300,109597","OFDM:24-54 BW:1x SGI:1x HT:0-15 VHTMCS:SS1=0-9,SS2=0-9",2022-04-06 12:17:52.552116
18501050,*2237E,5GHz-CAP8-4np-CHILL-1,GBS-guests,34:1C:F0:D5:EB:16,117Mbps-20MHz/2S,104Mbps-20MHz/2S,-70,10m53s40ms,"434,468","166300,109597","OFDM:24-54 BW:1x SGI:1x HT:0-15 VHTMCS:SS1=0-9,SS2=0-9",2022-04-06 12:18:02.160085
18501067,*2236F,5GHz-CAP4-4np-OaM-1,GBS-guests,60:DD:8E:B6:62:5F,54Mbps,6Mbps,-65,14m44s600ms,"4438,3627","2196737,769480","OFDM:24-54 BW:1x SGI:1x HT:0-15 VHTMCS:SS1=0-9,SS2=0-9",2022-04-06 12:18:02.279008
18501122,*2237E,5GHz-CAP8-4np-CHILL-1,GBS-guests,34:1C:F0:D5:EB:16,117Mbps-20MHz/2S,104Mbps-20MHz/2S,-70,11m3s40ms,"434,468","166300,109597","OFDM:24-54 BW:1x SGI:1x HT:0-15 VHTMCS:SS1=0-9,SS2=0-9",2022-04-06 12:18:12.006689
18501130,*2236F,5GHz-CAP4-4np-OaM-1,GBS-guests,60:DD:8E:B6:62:5F,54Mbps,6Mbps,-64,14m54s600ms,"4438,3629","2196737,769564","OFDM:24-54 BW:1x SGI:1x HT:0-15 VHTMCS:SS1=0-9,SS2=0-9",2022-04-06 12:18:12.076313
18501198,*2237E,5GHz-CAP8-4np-CHILL-1,GBS-guests,34:1C:F0:D5:EB:16,117Mbps-20MHz/2S,24Mbps,-70,11m13s40ms,"437,470","166521,109736","OFDM:24-54 BW:1x SGI:1x HT:0-15 VHTMCS:SS1=0-9,SS2=0-9",2022-04-06 12:18:22.114336
18501204,*2236F,5GHz-CAP4-4np-OaM-1,GBS-guests,60:DD:8E:B6:62:5F,54Mbps,6Mbps,-64,15m4s600ms,"4438,3632","2196737,769690","OFDM:24-54 BW:1x SGI:1x HT:0-15 VHTMCS:SS1=0-9,SS2=0-9",2022-04-06 12:18:22.185552
18501252,*2237E,5GHz-CAP8-4np-CHILL-1,GBS-guests,34:1C:F0:D5:EB:16,117Mbps-20MHz/2S,24Mbps,-70,11m23s40ms,"437,470","166521,109736","OFDM:24-54 BW:1x SGI:1x HT:0-15 VHTMCS:SS1=0-9,SS2=0-9",2022-04-06 12:18:32.040540
18501269,*2236F,5GHz-CAP4-4np-OaM-1,GBS-guests,60:DD:8E:B6:62:5F,54Mbps,6Mbps,-65,15m14s600ms,"4438,3639","2196737,769984","OFDM:24-54 BW:1x SGI:1x HT:0-15 VHTMCS:SS1=0-9,SS2=0-9",2022-04-06 12:18:32.380425
18501315,*2236F,5GHz-CAP4-4np-OaM-1,GBS-guests,60:DD:8E:B6:62:5F,54Mbps,6Mbps,-64,15m24s600ms,"4438,3643","2196737,770152","OFDM:24-54 BW:1x SGI:1x HT:0-15 VHTMCS:SS1=0-9,SS2=0-9",2022-04-06 12:18:41.959462
18501339,*2237E,5GHz-CAP8-4np-CHILL-1,GBS-guests,34:1C:F0:D5:EB:16,117Mbps-20MHz/2S,104Mbps-20MHz/2S,-69,11m33s40ms,"442,476","166936,110207","OFDM:24-54 BW:1x SGI:1x HT:0-15 VHTMCS:SS1=0-9,SS2=0-9",2022-04-06 12:18:42.084015
18501392,*2237E,5GHz-CAP8-4np-CHILL-1,GBS-guests,34:1C:F0:D5:EB:16,117Mbps-20MHz/2S,104Mbps-20MHz/2S,-70,11m43s40ms,"442,476","166936,110207","OFDM:24-54 BW:1x SGI:1x HT:0-15 VHTMCS:SS1=0-9,SS2=0-9",2022-04-06 12:18:52.149640
18501399,*2236F,5GHz-CAP4-4np-OaM-1,GBS-guests,60:DD:8E:B6:62:5F,54Mbps,6Mbps,-64,15m34s600ms,"4438,3655","2196737,770656","OFDM:24-54 BW:1x SGI:1x HT:0-15 VHTMCS:SS1=0-9,SS2=0-9",2022-04-06 12:18:52.278574
18501440,*2236F,5GHz-CAP4-4np-OaM-1,GBS-guests,60:DD:8E:B6:62:5F,54Mbps,6Mbps,-64,15m44s600ms,"4438,3666","2196737,771118","OFDM:24-54 BW:1x SGI:1x HT:0-15 VHTMCS:SS1=0-9,SS2=0-9",2022-04-06 12:19:01.868178
18501444,*2237E,5GHz-CAP8-4np-CHILL-1,GBS-guests,34:1C:F0:D5:EB:16,117Mbps-20MHz/2S,78Mbps-20MHz/2S,-70,11m53s40ms,"444,478","168054,110377","OFDM:24-54 BW:1x SGI:1x HT:0-15 VHTMCS:SS1=0-9,SS2=0-9",2022-04-06 12:19:01.898109
18501504,*2236F,5GHz-CAP4-4np-OaM-1,GBS-guests,60:DD:8E:B6:62:5F,54Mbps,6Mbps,-64,15m54s600ms,"4438,3672","2196737,771370","OFDM:24-54 BW:1x SGI:1x HT:0-15 VHTMCS:SS1=0-9,SS2=0-9",2022-04-06 12:19:11.844185
18501519,*2237E,5GHz-CAP8-4np-CHILL-1,GBS-guests,34:1C:F0:D5:EB:16,117Mbps-20MHz/2S,24Mbps,-70,12m3s40ms,"445,479","168110,110419","OFDM:24-54 BW:1x SGI:1x HT:0-15 VHTMCS:SS1=0-9,SS2=0-9",2022-04-06 12:19:11.931229
18501580,*2236F,5GHz-CAP4-4np-OaM-1,GBS-guests,60:DD:8E:B6:62:5F,54Mbps,6Mbps,-64,16m4s610ms,"4438,3675","2196737,771496","OFDM:24-54 BW:1x SGI:1x HT:0-15 VHTMCS:SS1=0-9,SS2=0-9",2022-04-06 12:19:21.920941
18501605,*2237E,5GHz-CAP8-4np-CHILL-1,GBS-guests,34:1C:F0:D5:EB:16,117Mbps-20MHz/2S,24Mbps,-73,12m13s50ms,"445,479","168110,110419","OFDM:24-54 BW:1x SGI:1x HT:0-15 VHTMCS:SS1=0-9,SS2=0-9",2022-04-06 12:19:22.016869
18501646,*2237E,5GHz-CAP8-4np-CHILL-1,GBS-guests,34:1C:F0:D5:EB:16,117Mbps-20MHz/2S,24Mbps,-70,12m23s50ms,"445,479","168110,110419","OFDM:24-54 BW:1x SGI:1x HT:0-15 VHTMCS:SS1=0-9,SS2=0-9",2022-04-06 12:19:31.896172
18501658,*2236F,5GHz-CAP4-4np-OaM-1,GBS-guests,60:DD:8E:B6:62:5F,54Mbps,6Mbps,-65,16m14s610ms,"4439,3688","2196818,772042","OFDM:24-54 BW:1x SGI:1x HT:0-15 VHTMCS:SS1=0-9,SS2=0-9",2022-04-06 12:19:31.926843
18501693,*2237E,5GHz-CAP8-4np-CHILL-1,GBS-guests,34:1C:F0:D5:EB:16,117Mbps-20MHz/2S,24Mbps,-72,12m33s50ms,"448,482","168918,110621","OFDM:24-54 BW:1x SGI:1x HT:0-15 VHTMCS:SS1=0-9,SS2=0-9",2022-04-06 12:19:41.821288
18501736,*2236F,5GHz-CAP4-4np-OaM-1,GBS-guests,60:DD:8E:B6:62:5F,54Mbps,6Mbps,-65,16m24s600ms,"4439,3696","2196818,772378","OFDM:24-54 BW:1x SGI:1x HT:0-15 VHTMCS:SS1=0-9,SS2=0-9",2022-04-06 12:19:42.080127
18501795,*2237E,5GHz-CAP8-4np-CHILL-1,GBS-guests,34:1C:F0:D5:EB:16,117Mbps-20MHz/2S,24Mbps,-72,12m43s50ms,"448,482","168918,110621","OFDM:24-54 BW:1x SGI:1x HT:0-15 VHTMCS:SS1=0-9,SS2=0-9",2022-04-06 12:19:52.045025
18501797,*2236F,5GHz-CAP4-4np-OaM-1,GBS-guests,60:DD:8E:B6:62:5F,54Mbps,6Mbps,-65,16m34s610ms,"4439,3703","2196818,772672","OFDM:24-54 BW:1x SGI:1x HT:0-15 VHTMCS:SS1=0-9,SS2=0-9",2022-04-06 12:19:52.046045
18501840,*2236F,5GHz-CAP4-4np-OaM-1,GBS-guests,60:DD:8E:B6:62:5F,54Mbps,6Mbps,-65,16m44s610ms,"4439,3705","2196818,772756","OFDM:24-54 BW:1x SGI:1x HT:0-15 VHTMCS:SS1=0-9,SS2=0-9",2022-04-06 12:20:01.839358
18501867,*2237E,5GHz-CAP8-4np-CHILL-1,GBS-guests,34:1C:F0:D5:EB:16,115.5Mbps-20MHz/2S/SGI,78Mbps-20MHz/2S,-70,12m53s50ms,"449,483","170144,110687","OFDM:24-54 BW:1x SGI:1x HT:0-15 VHTMCS:SS1=0-9,SS2=0-9",2022-04-06 12:20:01.973298
18501920,*2237E,5GHz-CAP8-4np-CHILL-1,GBS-guests,34:1C:F0:D5:EB:16,115.5Mbps-20MHz/2S/SGI,78Mbps-20MHz/2S,-70,13m3s50ms,"449,483","170144,110687","OFDM:24-54 BW:1x SGI:1x HT:0-15 VHTMCS:SS1=0-9,SS2=0-9",2022-04-06 12:20:11.967933
18501919,*2236F,5GHz-CAP4-4np-OaM-1,GBS-guests,60:DD:8E:B6:62:5F,54Mbps,6Mbps,-65,16m54s610ms,"4439,3710","2196818,772966","OFDM:24-54 BW:1x SGI:1x HT:0-15 VHTMCS:SS1=0-9,SS2=0-9",2022-04-06 12:20:11.971327
18501972,*2236F,5GHz-CAP4-4np-OaM-1,GBS-guests,60:DD:8E:B6:62:5F,54Mbps,6Mbps,-65,17m4s610ms,"4439,3710","2196818,772966","OFDM:24-54 BW:1x SGI:1x HT:0-15 VHTMCS:SS1=0-9,SS2=0-9",2022-04-06 12:20:21.847589
18501985,*2237E,5GHz-CAP8-4np-CHILL-1,GBS-guests,34:1C:F0:D5:EB:16,115.5Mbps-20MHz/2S/SGI,78Mbps-20MHz/2S,-74,13m13s50ms,"449,483","170144,110687","OFDM:24-54 BW:1x SGI:1x HT:0-15 VHTMCS:SS1=0-9,SS2=0-9",2022-04-06 12:20:21.909387
18502045,*2237E,5GHz-CAP8-4np-CHILL-1,GBS-guests,34:1C:F0:D5:EB:16,115.5Mbps-20MHz/2S/SGI,78Mbps-20MHz/2S,-70,13m23s50ms,"449,483","170144,110687","OFDM:24-54 BW:1x SGI:1x HT:0-15 VHTMCS:SS1=0-9,SS2=0-9",2022-04-06 12:20:31.942024
18502068,*2236F,5GHz-CAP4-4np-OaM-1,GBS-guests,60:DD:8E:B6:62:5F,54Mbps,6Mbps,-65,17m14s610ms,"4439,3713","2196818,773092","OFDM:24-54 BW:1x SGI:1x HT:0-15 VHTMCS:SS1=0-9,SS2=0-9",2022-04-06 12:20:32.043334
18502107,*2237E,5GHz-CAP8-4np-CHILL-1,GBS-guests,34:1C:F0:D5:EB:16,115.5Mbps-20MHz/2S/SGI,78Mbps-20MHz/2S,-70,13m33s50ms,"449,483","170144,110687","OFDM:24-54 BW:1x SGI:1x HT:0-15 VHTMCS:SS1=0-9,SS2=0-9",2022-04-06 12:20:41.911981
18502122,*2236F,5GHz-CAP4-4np-OaM-1,GBS-guests,60:DD:8E:B6:62:5F,54Mbps,6Mbps,-65,17m24s610ms,"4439,3719","2196818,773344","OFDM:24-54 BW:1x SGI:1x HT:0-15 VHTMCS:SS1=0-9,SS2=0-9",2022-04-06 12:20:42.000289
18502174,*2237E,5GHz-CAP8-4np-CHILL-1,GBS-guests,34:1C:F0:D5:EB:16,115.5Mbps-20MHz/2S/SGI,78Mbps-20MHz/2S,-74,13m43s50ms,"449,483","170144,110687","OFDM:24-54 BW:1x SGI:1x HT:0-15 VHTMCS:SS1=0-9,SS2=0-9",2022-04-06 12:20:51.876289
18502176,*2236F,5GHz-CAP4-4np-OaM-1,GBS-guests,60:DD:8E:B6:62:5F,54Mbps,6Mbps,-65,17m34s610ms,"4439,3724","2196818,773554","OFDM:24-54 BW:1x SGI:1x HT:0-15 VHTMCS:SS1=0-9,SS2=0-9",2022-04-06 12:20:51.876823
18502253,*2237E,5GHz-CAP8-4np-CHILL-1,GBS-guests,34:1C:F0:D5:EB:16,115.5Mbps-20MHz/2S/SGI,78Mbps-20MHz/2S,-70,13m53s50ms,"449,483","170144,110687","OFDM:24-54 BW:1x SGI:1x HT:0-15 VHTMCS:SS1=0-9,SS2=0-9",2022-04-06 12:21:01.880418
18502254,*2236F,5GHz-CAP4-4np-OaM-1,GBS-guests,60:DD:8E:B6:62:5F,54Mbps,6Mbps,-66,17m44s610ms,"4439,3728","2196818,773722","OFDM:24-54 BW:1x SGI:1x HT:0-15 VHTMCS:SS1=0-9,SS2=0-9",2022-04-06 12:21:01.881904
18502331,*2237E,5GHz-CAP8-4np-CHILL-1,GBS-guests,34:1C:F0:D5:EB:16,115.5Mbps-20MHz/2S/SGI,78Mbps-20MHz/2S,-70,14m3s50ms,"449,483","170144,110687","OFDM:24-54 BW:1x SGI:1x HT:0-15 VHTMCS:SS1=0-9,SS2=0-9",2022-04-06 12:21:12.132604
18502344,*2236F,5GHz-CAP4-4np-OaM-1,GBS-guests,60:DD:8E:B6:62:5F,54Mbps,6Mbps,-65,17m54s610ms,"4439,3729","2196818,773764","OFDM:24-54 BW:1x SGI:1x HT:0-15 VHTMCS:SS1=0-9,SS2=0-9",2022-04-06 12:21:12.405222
18502382,*223BD,5GHz-CAP4-4np-OaM-1,GBS-guests,60:DD:8E:B6:62:5F,24Mbps,104Mbps-20MHz/2S,-66,4s790ms,"4,49","782,4372","OFDM:24-54 BW:1x SGI:1x HT:0-15 VHTMCS:SS1=0-9,SS2=0-9",2022-04-06 12:21:21.948516
18502409,*2237E,5GHz-CAP8-4np-CHILL-1,GBS-guests,34:1C:F0:D5:EB:16,115.5Mbps-20MHz/2S/SGI,78Mbps-20MHz/2S,-70,14m13s50ms,"449,483","170144,110687","OFDM:24-54 BW:1x SGI:1x HT:0-15 VHTMCS:SS1=0-9,SS2=0-9",2022-04-06 12:21:22.035784
18502477,*2237E,5GHz-CAP8-4np-CHILL-1,GBS-guests,34:1C:F0:D5:EB:16,115.5Mbps-20MHz/2S/SGI,78Mbps-20MHz/2S,-70,14m23s50ms,"449,483","170144,110687","OFDM:24-54 BW:1x SGI:1x HT:0-15 VHTMCS:SS1=0-9,SS2=0-9",2022-04-06 12:21:31.991081
18502479,*223BD,5GHz-CAP4-4np-OaM-1,GBS-guests,60:DD:8E:B6:62:5F,24Mbps,117Mbps-20MHz/2S,-60,14s790ms,"6,62","1268,5396","OFDM:24-54 BW:1x SGI:1x HT:0-15 VHTMCS:SS1=0-9,SS2=0-9",2022-04-06 12:21:32.003721
18502530,*223BD,5GHz-CAP4-4np-OaM-1,GBS-guests,60:DD:8E:B6:62:5F,24Mbps,117Mbps-20MHz/2S,-64,24s800ms,"12,67","1654,5711","OFDM:24-54 BW:1x SGI:1x HT:0-15 VHTMCS:SS1=0-9,SS2=0-9",2022-04-06 12:21:42.044779
18502544,*2237E,5GHz-CAP8-4np-CHILL-1,GBS-guests,34:1C:F0:D5:EB:16,144.4Mbps-20MHz/2S/SGI,78Mbps-20MHz/2S,-70,14m33s50ms,"534,608","197040,188104","OFDM:24-54 BW:1x SGI:1x HT:0-15 VHTMCS:SS1=0-9,SS2=0-9",2022-04-06 12:21:42.087248
18502601,*2237E,5GHz-CAP8-4np-CHILL-1,GBS-guests,34:1C:F0:D5:EB:16,144.4Mbps-20MHz/2S/SGI,78Mbps-20MHz/2S,-70,14m43s50ms,"536,609","197205,188201","OFDM:24-54 BW:1x SGI:1x HT:0-15 VHTMCS:SS1=0-9,SS2=0-9",2022-04-06 12:21:51.977766
18502603,*223BD,5GHz-CAP4-4np-OaM-1,GBS-guests,60:DD:8E:B6:62:5F,24Mbps,117Mbps-20MHz/2S,-65,34s800ms,"12,67","1654,5711","OFDM:24-54 BW:1x SGI:1x HT:0-15 VHTMCS:SS1=0-9,SS2=0-9",2022-04-06 12:21:51.977806
18502661,*2237E,5GHz-CAP8-4np-CHILL-1,GBS-guests,34:1C:F0:D5:EB:16,144.4Mbps-20MHz/2S/SGI,78Mbps-20MHz/2S,-70,14m53s50ms,"538,611","198269,188371","OFDM:24-54 BW:1x SGI:1x HT:0-15 VHTMCS:SS1=0-9,SS2=0-9",2022-04-06 12:22:02.033424
18502671,*223BD,5GHz-CAP4-4np-OaM-1,GBS-guests,60:DD:8E:B6:62:5F,24Mbps,26Mbps-20MHz/1S,-65,44s800ms,"19,82","2081,6608","OFDM:24-54 BW:1x SGI:1x HT:0-15 VHTMCS:SS1=0-9,SS2=0-9",2022-04-06 12:22:02.070474
18502717,*2237E,5GHz-CAP8-4np-CHILL-1,GBS-guests,34:1C:F0:D5:EB:16,144.4Mbps-20MHz/2S/SGI,78Mbps-20MHz/2S,-72,15m3s50ms,"538,611","198269,188371","OFDM:24-54 BW:1x SGI:1x HT:0-15 VHTMCS:SS1=0-9,SS2=0-9",2022-04-06 12:22:11.850509
18502747,*223BD,5GHz-CAP4-4np-OaM-1,GBS-guests,60:DD:8E:B6:62:5F,14.4Mbps-20MHz/2S/SGI,39Mbps-20MHz/1S,-65,54s800ms,"22,102","2249,8191","OFDM:24-54 BW:1x SGI:1x HT:0-15 VHTMCS:SS1=0-9,SS2=0-9",2022-04-06 12:22:12.036243
18502769,*223BD,5GHz-CAP4-4np-OaM-1,GBS-guests,60:DD:8E:B6:62:5F,14.4Mbps-20MHz/2S/SGI,39Mbps-20MHz/1S,-65,1m4s800ms,"22,102","2249,8191","OFDM:24-54 BW:1x SGI:1x HT:0-15 VHTMCS:SS1=0-9,SS2=0-9",2022-04-06 12:22:21.909458
18502774,*2237E,5GHz-CAP8-4np-CHILL-1,GBS-guests,34:1C:F0:D5:EB:16,144.4Mbps-20MHz/2S/SGI,78Mbps-20MHz/2S,-69,15m13s60ms,"539,612","198325,188413","OFDM:24-54 BW:1x SGI:1x HT:0-15 VHTMCS:SS1=0-9,SS2=0-9",2022-04-06 12:22:21.959231
18502863,*2237E,5GHz-CAP8-4np-CHILL-1,GBS-guests,34:1C:F0:D5:EB:16,144.4Mbps-20MHz/2S/SGI,24Mbps,-70,15m23s60ms,"539,612","198325,188413","OFDM:24-54 BW:1x SGI:1x HT:0-15 VHTMCS:SS1=0-9,SS2=0-9",2022-04-06 12:22:32.128159
18502879,*223BD,5GHz-CAP4-4np-OaM-1,GBS-guests,60:DD:8E:B6:62:5F,28.8Mbps-20MHz/2S/SGI,6Mbps,-64,1m14s800ms,"28,103","2735,8233","OFDM:24-54 BW:1x SGI:1x HT:0-15 VHTMCS:SS1=0-9,SS2=0-9",2022-04-06 12:22:32.183131
18502916,*2237E,5GHz-CAP8-4np-CHILL-1,GBS-guests,34:1C:F0:D5:EB:16,144.4Mbps-20MHz/2S/SGI,78Mbps-20MHz/2S,-67,15m33s60ms,"543,615","198651,188635","OFDM:24-54 BW:1x SGI:1x HT:0-15 VHTMCS:SS1=0-9,SS2=0-9",2022-04-06 12:22:41.936469
18502945,*223BD,5GHz-CAP4-4np-OaM-1,GBS-guests,60:DD:8E:B6:62:5F,28.8Mbps-20MHz/2S/SGI,6Mbps,-65,1m24s800ms,"32,104","3143,8275","OFDM:24-54 BW:1x SGI:1x HT:0-15 VHTMCS:SS1=0-9,SS2=0-9",2022-04-06 12:22:42.052530
18502997,*223BD,5GHz-CAP4-4np-OaM-1,GBS-guests,60:DD:8E:B6:62:5F,7.2Mbps-20MHz/1S/SGI,6Mbps,-64,1m34s800ms,"39,104","3937,8275","OFDM:24-54 BW:1x SGI:1x HT:0-15 VHTMCS:SS1=0-9,SS2=0-9",2022-04-06 12:22:51.986480
18503001,*2237E,5GHz-CAP8-4np-CHILL-1,GBS-guests,34:1C:F0:D5:EB:16,144.4Mbps-20MHz/2S/SGI,24Mbps,-70,15m43s60ms,"544,616","198707,188677","OFDM:24-54 BW:1x SGI:1x HT:0-15 VHTMCS:SS1=0-9,SS2=0-9",2022-04-06 12:22:51.989106
18503055,*2237E,5GHz-CAP8-4np-CHILL-1,GBS-guests,34:1C:F0:D5:EB:16,144.4Mbps-20MHz/2S/SGI,78Mbps-20MHz/2S,-70,15m53s70ms,"546,620","198819,188996","OFDM:24-54 BW:1x SGI:1x HT:0-15 VHTMCS:SS1=0-9,SS2=0-9",2022-04-06 12:23:01.994633
18503065,*223BD,5GHz-CAP4-4np-OaM-1,GBS-guests,60:DD:8E:B6:62:5F,7.2Mbps-20MHz/1S/SGI,6Mbps,-64,1m44s820ms,"40,106","4018,8359","OFDM:24-54 BW:1x SGI:1x HT:0-15 VHTMCS:SS1=0-9,SS2=0-9",2022-04-06 12:23:02.104525
18503121,*2237E,5GHz-CAP8-4np-CHILL-1,GBS-guests,34:1C:F0:D5:EB:16,144.4Mbps-20MHz/2S/SGI,78Mbps-20MHz/2S,-72,16m3s60ms,"546,620","198819,188996","OFDM:24-54 BW:1x SGI:1x HT:0-15 VHTMCS:SS1=0-9,SS2=0-9",2022-04-06 12:23:11.895800
18503148,*223BD,5GHz-CAP4-4np-OaM-1,GBS-guests,60:DD:8E:B6:62:5F,7.2Mbps-20MHz/1S/SGI,6Mbps,-64,1m54s800ms,"40,107","4018,8401","OFDM:24-54 BW:1x SGI:1x HT:0-15 VHTMCS:SS1=0-9,SS2=0-9",2022-04-06 12:23:12.097476
18503190,*223BD,5GHz-CAP4-4np-OaM-1,GBS-guests,60:DD:8E:B6:62:5F,7.2Mbps-20MHz/1S/SGI,6Mbps,-64,2m4s800ms,"40,108","4018,8443","OFDM:24-54 BW:1x SGI:1x HT:0-15 VHTMCS:SS1=0-9,SS2=0-9",2022-04-06 12:23:21.963309
18503211,*2237E,5GHz-CAP8-4np-CHILL-1,GBS-guests,34:1C:F0:D5:EB:16,144.4Mbps-20MHz/2S/SGI,78Mbps-20MHz/2S,-72,16m13s60ms,"546,620","198819,188996","OFDM:24-54 BW:1x SGI:1x HT:0-15 VHTMCS:SS1=0-9,SS2=0-9",2022-04-06 12:23:22.108773
18503237,*2237E,5GHz-CAP8-4np-CHILL-1,GBS-guests,34:1C:F0:D5:EB:16,144.4Mbps-20MHz/2S/SGI,78Mbps-20MHz/2S,-70,16m23s60ms,"546,620","198819,188996","OFDM:24-54 BW:1x SGI:1x HT:0-15 VHTMCS:SS1=0-9,SS2=0-9",2022-04-06 12:23:31.818458
18503244,*223BD,5GHz-CAP4-4np-OaM-1,GBS-guests,60:DD:8E:B6:62:5F,7.2Mbps-20MHz/1S/SGI,6Mbps,-64,2m14s800ms,"41,108","4099,8443","OFDM:24-54 BW:1x SGI:1x HT:0-15 VHTMCS:SS1=0-9,SS2=0-9",2022-04-06 12:23:31.875432
18503306,*2237E,5GHz-CAP8-4np-CHILL-1,GBS-guests,34:1C:F0:D5:EB:16,144.4Mbps-20MHz/2S/SGI,78Mbps-20MHz/2S,-70,16m33s60ms,"546,620","198819,188996","OFDM:24-54 BW:1x SGI:1x HT:0-15 VHTMCS:SS1=0-9,SS2=0-9",2022-04-06 12:23:42.033053
18503338,*223BD,5GHz-CAP4-4np-OaM-1,GBS-guests,60:DD:8E:B6:62:5F,7.2Mbps-20MHz/1S/SGI,6Mbps,-64,2m24s800ms,"41,109","4099,8485","OFDM:24-54 BW:1x SGI:1x HT:0-15 VHTMCS:SS1=0-9,SS2=0-9",2022-04-06 12:23:42.248667
18503388,*2237E,5GHz-CAP8-4np-CHILL-1,GBS-guests,34:1C:F0:D5:EB:16,144.4Mbps-20MHz/2S/SGI,78Mbps-20MHz/2S,-70,16m43s60ms,"546,620","198819,188996","OFDM:24-54 BW:1x SGI:1x HT:0-15 VHTMCS:SS1=0-9,SS2=0-9",2022-04-06 12:23:51.881128
18503409,*223BD,5GHz-CAP4-4np-OaM-1,GBS-guests,60:DD:8E:B6:62:5F,7.2Mbps-20MHz/1S/SGI,6Mbps,-65,2m34s800ms,"41,110","4099,8527","OFDM:24-54 BW:1x SGI:1x HT:0-15 VHTMCS:SS1=0-9,SS2=0-9",2022-04-06 12:23:51.962813
18503468,*2237E,5GHz-CAP8-4np-CHILL-1,GBS-guests,34:1C:F0:D5:EB:16,144.4Mbps-20MHz/2S/SGI,78Mbps-20MHz/2S,-70,16m53s60ms,"548,623","199571,189198","OFDM:24-54 BW:1x SGI:1x HT:0-15 VHTMCS:SS1=0-9,SS2=0-9",2022-04-06 12:24:02.008698
18503475,*223BD,5GHz-CAP4-4np-OaM-1,GBS-guests,60:DD:8E:B6:62:5F,7.2Mbps-20MHz/1S/SGI,6Mbps,-64,2m44s800ms,"41,111","4099,8569","OFDM:24-54 BW:1x SGI:1x HT:0-15 VHTMCS:SS1=0-9,SS2=0-9",2022-04-06 12:24:02.040352
18503515,*2237E,5GHz-CAP8-4np-CHILL-1,GBS-guests,34:1C:F0:D5:EB:16,144.4Mbps-20MHz/2S/SGI,78Mbps-20MHz/2S,-69,17m3s60ms,"548,623","199571,189198","OFDM:24-54 BW:1x SGI:1x HT:0-15 VHTMCS:SS1=0-9,SS2=0-9",2022-04-06 12:24:11.860580
18503554,*223BD,5GHz-CAP4-4np-OaM-1,GBS-guests,60:DD:8E:B6:62:5F,7.2Mbps-20MHz/1S/SGI,6Mbps,-65,2m54s800ms,"41,112","4099,8611","OFDM:24-54 BW:1x SGI:1x HT:0-15 VHTMCS:SS1=0-9,SS2=0-9",2022-04-06 12:24:12.017715
18503581,*2237E,5GHz-CAP8-4np-CHILL-1,GBS-guests,34:1C:F0:D5:EB:16,144.4Mbps-20MHz/2S/SGI,24Mbps,-74,17m13s60ms,"549,624","199627,189240","OFDM:24-54 BW:1x SGI:1x HT:0-15 VHTMCS:SS1=0-9,SS2=0-9",2022-04-06 12:24:21.855416
18503603,*223BD,5GHz-CAP4-4np-OaM-1,GBS-guests,60:DD:8E:B6:62:5F,7.2Mbps-20MHz/1S/SGI,6Mbps,-64,3m4s800ms,"41,112","4099,8611","OFDM:24-54 BW:1x SGI:1x HT:0-15 VHTMCS:SS1=0-9,SS2=0-9",2022-04-06 12:24:21.956470
18503671,*2237E,5GHz-CAP8-4np-CHILL-1,GBS-guests,34:1C:F0:D5:EB:16,144.4Mbps-20MHz/2S/SGI,24Mbps,-70,17m23s60ms,"549,624","199627,189240","OFDM:24-54 BW:1x SGI:1x HT:0-15 VHTMCS:SS1=0-9,SS2=0-9",2022-04-06 12:24:32.048787
18503677,*223BD,5GHz-CAP4-4np-OaM-1,GBS-guests,60:DD:8E:B6:62:5F,14.4Mbps-20MHz/2S/SGI,6Mbps,-64,3m14s800ms,"42,114","4180,8695","OFDM:24-54 BW:1x SGI:1x HT:0-15 VHTMCS:SS1=0-9,SS2=0-9",2022-04-06 12:24:32.087378
18503725,*2237E,5GHz-CAP8-4np-CHILL-1,GBS-guests,34:1C:F0:D5:EB:16,144.4Mbps-20MHz/2S/SGI,24Mbps,-73,17m33s60ms,"559,636","201813,191560","OFDM:24-54 BW:1x SGI:1x HT:0-15 VHTMCS:SS1=0-9,SS2=0-9",2022-04-06 12:24:41.874305
18503744,*223BD,5GHz-CAP4-4np-OaM-1,GBS-guests,60:DD:8E:B6:62:5F,28.8Mbps-20MHz/2S/SGI,6Mbps,-65,3m24s800ms,"49,115","4761,8737","OFDM:24-54 BW:1x SGI:1x HT:0-15 VHTMCS:SS1=0-9,SS2=0-9",2022-04-06 12:24:42.021387
18503778,*2237E,5GHz-CAP8-4np-CHILL-1,GBS-guests,34:1C:F0:D5:EB:16,144.4Mbps-20MHz/2S/SGI,24Mbps,-70,17m43s60ms,"559,636","201813,191560","OFDM:24-54 BW:1x SGI:1x HT:0-15 VHTMCS:SS1=0-9,SS2=0-9",2022-04-06 12:24:51.868299
18503794,*223BD,5GHz-CAP4-4np-OaM-1,GBS-guests,60:DD:8E:B6:62:5F,14.4Mbps-20MHz/1S/SGI,6Mbps,-65,3m34s800ms,"50,117","4844,8821","OFDM:24-54 BW:1x SGI:1x HT:0-15 VHTMCS:SS1=0-9,SS2=0-9",2022-04-06 12:24:51.960664
18503861,*2237E,5GHz-CAP8-4np-CHILL-1,GBS-guests,34:1C:F0:D5:EB:16,144.4Mbps-20MHz/2S/SGI,58.5Mbps-20MHz/1S,-74,17m53s60ms,"560,637","202954,191626","OFDM:24-54 BW:1x SGI:1x HT:0-15 VHTMCS:SS1=0-9,SS2=0-9",2022-04-06 12:25:01.932029
18503872,*223BD,5GHz-CAP4-4np-OaM-1,GBS-guests,60:DD:8E:B6:62:5F,14.4Mbps-20MHz/1S/SGI,6Mbps,-64,3m44s800ms,"52,118","4983,8863","OFDM:24-54 BW:1x SGI:1x HT:0-15 VHTMCS:SS1=0-9,SS2=0-9",2022-04-06 12:25:01.981014
18503915,*2237E,5GHz-CAP8-4np-CHILL-1,GBS-guests,34:1C:F0:D5:EB:16,144.4Mbps-20MHz/2S/SGI,58.5Mbps-20MHz/1S,-70,18m3s60ms,"560,637","202954,191626","OFDM:24-54 BW:1x SGI:1x HT:0-15 VHTMCS:SS1=0-9,SS2=0-9",2022-04-06 12:25:11.824660
18503946,*223BD,5GHz-CAP4-4np-OaM-1,GBS-guests,60:DD:8E:B6:62:5F,14.4Mbps-20MHz/1S/SGI,6Mbps,-63,3m54s800ms,"53,118","5066,8863","OFDM:24-54 BW:1x SGI:1x HT:0-15 VHTMCS:SS1=0-9,SS2=0-9",2022-04-06 12:25:11.981909
18504005,*2237E,5GHz-CAP8-4np-CHILL-1,GBS-guests,34:1C:F0:D5:EB:16,144.4Mbps-20MHz/2S/SGI,24Mbps,-76,18m13s60ms,"563,639","203175,191765","OFDM:24-54 BW:1x SGI:1x HT:0-15 VHTMCS:SS1=0-9,SS2=0-9",2022-04-06 12:25:22.063243
18504015,*223BD,5GHz-CAP4-4np-OaM-1,GBS-guests,60:DD:8E:B6:62:5F,14.4Mbps-20MHz/1S/SGI,6Mbps,-64,4m4s800ms,"53,120","5066,8947","OFDM:24-54 BW:1x SGI:1x HT:0-15 VHTMCS:SS1=0-9,SS2=0-9",2022-04-06 12:25:22.152286
18504060,*2237E,5GHz-CAP8-4np-CHILL-1,GBS-guests,34:1C:F0:D5:EB:16,144.4Mbps-20MHz/2S/SGI,24Mbps,-70,18m23s60ms,"563,639","203175,191765","OFDM:24-54 BW:1x SGI:1x HT:0-15 VHTMCS:SS1=0-9,SS2=0-9",2022-04-06 12:25:31.917619
18504070,*223BD,5GHz-CAP4-4np-OaM-1,GBS-guests,60:DD:8E:B6:62:5F,14.4Mbps-20MHz/1S/SGI,6Mbps,-64,4m14s800ms,"53,120","5066,8947","OFDM:24-54 BW:1x SGI:1x HT:0-15 VHTMCS:SS1=0-9,SS2=0-9",2022-04-06 12:25:31.972126
18504110,*223BD,5GHz-CAP4-4np-OaM-1,GBS-guests,60:DD:8E:B6:62:5F,14.4Mbps-20MHz/1S/SGI,6Mbps,-64,4m24s800ms,"53,120","5066,8947","OFDM:24-54 BW:1x SGI:1x HT:0-15 VHTMCS:SS1=0-9,SS2=0-9",2022-04-06 12:25:41.854082
18504134,*2237E,5GHz-CAP8-4np-CHILL-1,GBS-guests,34:1C:F0:D5:EB:16,144.4Mbps-20MHz/2S/SGI,24Mbps,-70,18m33s60ms,"563,639","203175,191765","OFDM:24-54 BW:1x SGI:1x HT:0-15 VHTMCS:SS1=0-9,SS2=0-9",2022-04-06 12:25:42.003586
18504219,*223BD,5GHz-CAP4-4np-OaM-1,GBS-guests,60:DD:8E:B6:62:5F,14.4Mbps-20MHz/1S/SGI,6Mbps,-64,4m34s800ms,"53,120","5066,8947","OFDM:24-54 BW:1x SGI:1x HT:0-15 VHTMCS:SS1=0-9,SS2=0-9",2022-04-06 12:25:52.078321
18504223,*2237E,5GHz-CAP8-4np-CHILL-1,GBS-guests,34:1C:F0:D5:EB:16,144.4Mbps-20MHz/2S/SGI,24Mbps,-70,18m43s60ms,"563,639","203175,191765","OFDM:24-54 BW:1x SGI:1x HT:0-15 VHTMCS:SS1=0-9,SS2=0-9",2022-04-06 12:25:52.265764
18504245,*2237E,5GHz-CAP8-4np-CHILL-1,GBS-guests,34:1C:F0:D5:EB:16,144.4Mbps-20MHz/2S/SGI,58.5Mbps-20MHz/1S,-74,18m53s60ms,"565,641","204463,191935","OFDM:24-54 BW:1x SGI:1x HT:0-15 VHTMCS:SS1=0-9,SS2=0-9",2022-04-06 12:26:01.840186
18504279,*223BD,5GHz-CAP4-4np-OaM-1,GBS-guests,60:DD:8E:B6:62:5F,14.4Mbps-20MHz/1S/SGI,6Mbps,-65,4m44s800ms,"53,121","5066,8989","OFDM:24-54 BW:1x SGI:1x HT:0-15 VHTMCS:SS1=0-9,SS2=0-9",2022-04-06 12:26:02.062022
18504326,*2237E,5GHz-CAP8-4np-CHILL-1,GBS-guests,34:1C:F0:D5:EB:16,144.4Mbps-20MHz/2S/SGI,24Mbps,-73,19m3s60ms,"566,642","204519,191977","OFDM:24-54 BW:1x SGI:1x HT:0-15 VHTMCS:SS1=0-9,SS2=0-9",2022-04-06 12:26:11.889819
18504356,*223BD,5GHz-CAP4-4np-OaM-1,GBS-guests,60:DD:8E:B6:62:5F,14.4Mbps-20MHz/1S/SGI,6Mbps,-63,4m54s800ms,"53,121","5066,8989","OFDM:24-54 BW:1x SGI:1x HT:0-15 VHTMCS:SS1=0-9,SS2=0-9",2022-04-06 12:26:12.132565
18504412,*2237E,5GHz-CAP8-4np-CHILL-1,GBS-guests,34:1C:F0:D5:EB:16,144.4Mbps-20MHz/2S/SGI,24Mbps,-70,19m13s60ms,"566,642","204519,191977","OFDM:24-54 BW:1x SGI:1x HT:0-15 VHTMCS:SS1=0-9,SS2=0-9",2022-04-06 12:26:22.234502
18504414,*223BD,5GHz-CAP4-4np-OaM-1,GBS-guests,60:DD:8E:B6:62:5F,14.4Mbps-20MHz/1S/SGI,6Mbps,-64,5m4s800ms,"53,121","5066,8989","OFDM:24-54 BW:1x SGI:1x HT:0-15 VHTMCS:SS1=0-9,SS2=0-9",2022-04-06 12:26:22.330780
18504458,*223BD,5GHz-CAP4-4np-OaM-1,GBS-guests,60:DD:8E:B6:62:5F,14.4Mbps-20MHz/1S/SGI,6Mbps,-64,5m14s810ms,"54,122","5147,9031","OFDM:24-54 BW:1x SGI:1x HT:0-15 VHTMCS:SS1=0-9,SS2=0-9",2022-04-06 12:26:32.010656
18504489,*2237E,5GHz-CAP8-4np-CHILL-1,GBS-guests,34:1C:F0:D5:EB:16,144.4Mbps-20MHz/2S/SGI,65Mbps-20MHz/1S,-70,19m23s60ms,"568,644","205271,192137","OFDM:24-54 BW:1x SGI:1x HT:0-15 VHTMCS:SS1=0-9,SS2=0-9",2022-04-06 12:26:32.212582
18504535,*2237E,5GHz-CAP8-4np-CHILL-1,GBS-guests,34:1C:F0:D5:EB:16,144.4Mbps-20MHz/2S/SGI,65Mbps-20MHz/1S,-62,19m33s60ms,"568,644","205271,192137","OFDM:24-54 BW:1x SGI:1x HT:0-15 VHTMCS:SS1=0-9,SS2=0-9",2022-04-06 12:26:42.011205
18504545,*223BD,5GHz-CAP4-4np-OaM-1,GBS-guests,60:DD:8E:B6:62:5F,14.4Mbps-20MHz/1S/SGI,6Mbps,-65,5m24s800ms,"54,124","5147,9115","OFDM:24-54 BW:1x SGI:1x HT:0-15 VHTMCS:SS1=0-9,SS2=0-9",2022-04-06 12:26:42.098806
18504620,*223BD,5GHz-CAP4-4np-OaM-1,GBS-guests,60:DD:8E:B6:62:5F,14.4Mbps-20MHz/1S/SGI,6Mbps,-65,5m34s800ms,"54,124","5147,9115","OFDM:24-54 BW:1x SGI:1x HT:0-15 VHTMCS:SS1=0-9,SS2=0-9",2022-04-06 12:26:52.020015
18504625,*2237E,5GHz-CAP8-4np-CHILL-1,GBS-guests,34:1C:F0:D5:EB:16,144.4Mbps-20MHz/2S/SGI,65Mbps-20MHz/1S,-56,19m43s60ms,"568,644","205271,192137","OFDM:24-54 BW:1x SGI:1x HT:0-15 VHTMCS:SS1=0-9,SS2=0-9",2022-04-06 12:26:52.068496
